{
    "PrimaryDetails": {
        "AssetTitle": "test Docs as Code type",
        "AssetURL": "https://localhost:3000/",
        "AssetType": "Docs as Code",
        "Description": "test",
        "Products": ["Intune"],
        "Scenarios": ["Azure"],
        "SolutionAreas": ["Security"],
        "Tags": ["test"],
        "AssetVersion": "v1",
        "AssetContributors": ["v-skonar"],
        "AssetOwner": [
            "v-skonar"
        ],
        "RegisteredBy": "",
        "RegisteredDate": "",
        "docsAsCodeDetails": {
            "docFxPath": "/",
            "branchName": "main",
            "commitId": "test",
            "name": "test",
            "sourceType": "ADO",
            "url": "https://dev.azure.com/servicescode-test/TCS-Test-Project/_git/DocsAsCode"
        }
    }
}
